URL,Title,Subtitle,Text,No. of images,Image URLs,No. of external links,Author Name,Author URL,Claps,Reading Time,Keywords
https://medium.com/article1,The Future of AI Agents,Deep work, over-identification, sports, and blogging,"Artificial intelligence (AI) agents are autonomous software programs that can perceive their environment, make decisions, and take actions to achieve specific goals. They represent the next evolution of AI, moving beyond simple tools to become proactive partners in various tasks. This article explores the rise of AI agents, their potential impact on the future of work, and the ethical considerations that come with their deployment. The text is long and detailed, covering topics like reinforcement learning and large language models.",15,"url1,url2,url3",5,Pascal Janetzky,https://medium.com/@pascal,15000,7 min,AI,Machine Learning,Future of Work
https://medium.com/article2,A Gentle Introduction to Graph Neural Networks,An easy-to-understand guide for beginners,"Graph Neural Networks (GNNs) are a class of neural networks designed to perform inference on data that is represented as a graph. Unlike traditional neural networks that operate on Euclidean data (like images or sequences), GNNs can handle non-Euclidean data structures, making them powerful tools for social networks, molecular structures, and recommendation systems. We cover the basics of graph theory, message passing, and practical implementation with PyTorch Geometric.",8,"url4,url5",2,Shreya Rao,https://medium.com/@shreya,8500,12 min,Graph Neural Networks,PyTorch,Data Science
https://medium.com/article3,10 Python One-Liners That Will Blow Your Mind,Boost your productivity with these clever tricks,"Python's elegance allows for incredibly concise and powerful code. This article showcases ten mind-blowing one-liners that can replace several lines of traditional code, from list comprehensions for filtering and mapping to lambda functions for quick sorting. We explore techniques for swapping variables, reversing strings, and flattening lists, all in a single line.",3,"url6",0,Dave,https://medium.com/@dave,25000,4 min,Python,Programming,Tips and Tricks
https://medium.com/article4,The Best Data Science Projects to Boost Your Portfolio,Stand out from the crowd with these ideas,"Building a strong data science portfolio is crucial for landing your dream job. This article outlines five high-impact project ideas, including sentiment analysis on social media data, building a recommendation engine, and time series forecasting. Each project comes with suggestions for datasets and key skills to highlight.",10,"url7,url8,url9",3,Alice Smith,https://medium.com/@alice,1200,6 min,Data Science,Portfolio,Career
https://medium.com/article5,How to Build a Data Science Portfolio That Gets You Hired,Practical advice from a hiring manager,"A hiring manager shares insider tips on what makes a data science portfolio truly stand out. It's not just about the complexity of the model, but the clarity of the problem statement, the quality of the data cleaning, and the ability to communicate results effectively. We discuss the importance of GitHub, personal websites, and storytelling.",7,"url10,url11",1,Bob Johnson,https://medium.com/@bob,18000,9 min,Data Science,Hiring,Portfolio
https://medium.com/article6,A Complete Guide to Data Cleaning and Preprocessing,The essential first step in any ML project,"Data cleaning and preprocessing can take up to 80% of a data scientist's time, but it's the most critical step. This comprehensive guide covers handling missing values, outlier detection, feature scaling, and encoding categorical variables. Mastering these techniques is fundamental for building robust machine learning models.",12,"url12,url13,url14",4,Charlie Brown,https://medium.com/@charlie,9000,15 min,Data Cleaning,Preprocessing,Machine Learning
https://medium.com/article7,Data Science in 5 Minutes: A Beginner's Guide,Quick start to the world of data,"A super-quick introduction to the field of data science, explaining what it is, why it matters, and the basic tools and concepts you need to know. Perfect for absolute beginners looking for a high-level overview before diving into the details.",1,"url15",0,Eve Adams,https://medium.com/@eve,500,3 min,Data Science,Beginner,Overview
https://medium.com/article8,The Ultimate Guide to Web Scraping with Python,Mastering BeautifulSoup and Requests,"Web scraping is a powerful technique for gathering data from the internet. This guide walks you through setting up your environment, using the Requests library to fetch HTML, and leveraging BeautifulSoup for parsing. We also cover ethical scraping practices and avoiding common pitfalls like IP blocking.",6,"url16,url17",6,Frank White,https://medium.com/@frank,11000,10 min,Web Scraping,Python,BeautifulSoup
https://medium.com/article9,The Secret to Writing Medium Articles,High-Performing Medium Articles Have These 5 Elements,"This article reveals the five key elements that all high-performing Medium articles share. It covers crafting a compelling headline, structuring your content for readability, using strong visuals, and engaging with your audience in the comments. Follow these tips to maximize your reach and claps.",4,"url18",2,Grace Hall,https://medium.com/@grace,16000,5 min,Writing,Medium,Tips
https://medium.com/article10,Why You Should Learn Pandas for Data Analysis,The most essential library for data scientists,"Pandas is the backbone of data analysis in Python. This article provides a compelling case for why every aspiring data scientist must master this library. We cover key features like DataFrames, Series, and essential operations for data manipulation and cleaning.",9,"url19,url20",1,Henry King,https://medium.com/@henry,7000,8 min,Pandas,Data Analysis,Python
